idNumber;personName;username;email;password;purchases;paymentMethods;adresses;vatNumber;role;lastConnection;scoresGiven
U0000;"""Admin"",";"""admin"",";"""admin@admin.com"",";admin123!@;;;"{""-""},";;admin;4601368;;
U0001;"""Liam Smith"",";"""SkyWalker123"",";"""john.doe@example.com"",";passwordTest123!@;P0001;;"{""address"": ""123 Main St, Jerez de la Frontera, Andalucía, España""},";4601368;client;;1031
U0002;"""Olivia Johnson"",";"""OceanBreeze45"",";"""jane.smith@example.com"",";passwordTest123!@;P0002;;"  {""address"": ""456 Elm St, Madrid, Comunidad de Madrid, España""},";4074389;client;;1019
U0003;"""Noah Williams"",";"""MysticMoon88"",";"""michael.brown@example.com"",";passwordTest123!@;P0003;;"  {""address"": ""789 Oak St, Barcelona, Cataluña, España""},";4207464;client;;1099
U0004;"""Emma Brown"",";"""StarGazer77"",";"""emily.jones@example.com"",";passwordTest123!@;P0004;;"  {""address"": ""101 Pine St, Valencia, Comunidad Valenciana, España""},";4135184;client;;1015
U0005;"""Oliver Jones"",";"""DreamCatcher22"",";"""david.wilson@example.com"",";passwordTest123!@;P0005;;"  {""address"": ""202 Maple St, Sevilla, Andalucía, España""},";4060648;client;;1060
U0006;"""Ava Garcia"",";"""ThunderBolt99"",";"""sarah.davis@example.com"",";passwordTest123!@;P0006;;"  {""address"": ""303 Cedar St, Zaragoza, Aragón, España""},";4118921;client;;1004
U0007;"""Elijah Miller"",";"""CosmicVoyager"",";"""chris.martin@example.com"",";passwordTest123!@;P0007;;"  {""address"": ""404 Birch St, Málaga, Andalucía, España""},";4135184;client;;1057
U0008;"""Sophia Davis"",";"""LunarEclipse"",";"""laura.moore@example.com"",";passwordTest123!@;P0008;;"  {""address"": ""505 Walnut St, Murcia, Región de Murcia, España""},";4074389;client;;1076
U0009;"""James Martinez"",";"""SolarFlare"",";"""daniel.taylor@example.com"",";passwordTest123!@;P0009;;"  {""address"": ""606 Chestnut St, Palma, Islas Baleares, España""},";4216375;client;;1079
U0010;"""Isabella Rodriguez"",";"""GalacticTraveler"",";"""emma.anderson@example.com"",";passwordTest123!@;P0010;;"  {""address"": ""707 Ash St, Las Palmas, Canarias, España""},";4455224;client;;1006
U0011;"""William Hernandez"",";"""NebulaHunter"",";"""james.thomas@example.com"",";passwordTest123!@;P0011;;"  {""address"": ""808 Willow St, Bilbao, País Vasco, España""},";4364432;client;;1097
U0012;"""Mia Lopez"",";"""AstroNomad"",";"""olivia.jackson@example.com"",";passwordTest123!@;P0012;;"  {""address"": ""909 Poplar St, Alicante, Comunidad Valenciana, España""},";4543039;client;;1011
U0013;"""Benjamin Gonzalez"",";"""QuantumLeap"",";"""robert.white@example.com"",";passwordTest123!@;P0013;;"  {""address"": ""1010 Cypress St, Córdoba, Andalucía, España""},";4754969;client;;1022
U0014;"""Charlotte Wilson"",";"""PhotonBlaze"",";"""sophia.harris@example.com"",";passwordTest123!@;P0014;;"  {""address"": ""1111 Redwood St, Valladolid, Castilla y León, España""},";4060648;client;;1063
U0015;"""Lucas Anderson"",";"""CelestialWanderer"",";"""william.martinez@example.com"",";passwordTest123!@;P0015;;"  {""address"": ""1212 Spruce St, Vigo, Galicia, España""},";4096656;client;;1034
U0016;"""Amelia Thomas"",";"""StellarNavigator"",";"""isabella.thompson@example.com"",";passwordTest123!@;P0016;;"  {""address"": ""1313 Fir St, Gijón, Asturias, España""},";4058000;client;;1099
U0017;"""Henry Taylor"",";"""MeteorShower"",";"""charles.garcia@example.com"",";passwordTest123!@;P0017;;"  {""address"": ""1414 Pine St, Hospitalet de Llobregat, Cataluña, España""},";4225616;client;;1056
U0018;"""Harper Moore"",";"""CometChaser"",";"""mia.rodriguez@example.com"",";passwordTest123!@;P0018;;"  {""address"": ""1515 Maple St, Vitoria-Gasteiz, País Vasco, España""},";4803571;client;;1026
U0019;"""Alexander Jackson"",";"""PlanetExplorer"",";"""joseph.lee@example.com"",";passwordTest123!@;P0019;;"  {""address"": ""1616 Cedar St, A Coruña, Galicia, España""},";4052744;client;;1048
U0020;"""Evelyn Martin"",";"""GalaxyRider"",";"""amelia.walker@example.com"",";passwordTest123!@;P0020;;"  {""address"": ""1717 Birch St, Granada, Andalucía, España""},";4050729;client;;1038
U0021;"""Sebastian Lee"",";"""SpaceOdyssey"",";"""thomas.hall@example.com"",";passwordTest123!@;P0021;;"  {""address"": ""1818 Walnut St, Elche, Comunidad Valenciana, España""},";4488976;client;;1017
U0022;"""Abigail Perez"",";"""OrbitJumper"",";"""ava.young@example.com"",";passwordTest123!@;P0022;;"  {""address"": ""1919 Chestnut St, Oviedo, Asturias, España""},";4686056;client;;1012
U0023;"""Jack Thompson"",";"""RocketPilot"",";"""mark.king@example.com"",";passwordTest123!@;P0023;;"  {""address"": ""2020 Ash St, Badalona, Cataluña, España""},";4067576;client;;1021
U0024;"""Emily White"",";"""AlienSeeker"",";"""charlotte.wright@example.com"",";passwordTest123!@;P0024;;"  {""address"": ""2121 Willow St, Cartagena, Región de Murcia, España""},";4364432;client;;1092
U0025;"""Daniel Harris"",";"""AstroPilot"",";"""paul.scott@example.com"",";passwordTest123!@;P0025;;"  {""address"": ""2222 Poplar St, Terrassa, Cataluña, España""},";4664125;client;;1005
U0026;"""Scarlett Clark"",";"""StarshipCaptain"",";"""grace.green@example.com"",";passwordTest123!@;P0026;;"  {""address"": ""2323 Cypress St, Jerez de la Frontera, Andalucía, España""},";5020299;client;;1015
U0027;"""Matthew Lewis"",";"""Interstellar"",";"""steven.adams@example.com"",";passwordTest123!@;P0027;;"  {""address"": ""2424 Redwood St, Sabadell, Cataluña, España""},";4054913;client;;1100
U0028;"""Victoria Robinson"",";"""CosmicRanger"",";"""chloe.baker@example.com"",";passwordTest123!@;P0028;;"  {""address"": ""2525 Spruce St, Móstoles, Comunidad de Madrid, España""},";4708503;client;;1087
U0029;"""Joseph Walker"",";"""LunarLander"",";"""andrew.gonzalez@example.com"",";passwordTest123!@;P0029;;"  {""address"": ""2626 Fir St, Santa Cruz de Tenerife, Canarias, España""},";4050027;client;;1077
U0030;"""Grace Young"",";"""SolarSailor"",";"""zoe.nelson@example.com"",";passwordTest123!@;P0030;;"  {""address"": ""2727 Pine St, Pamplona, Navarra, España""},";4543039;client;;1067
U0031;"""Samuel Hall"",";"""NebulaNavigator"",";"""joshua.carter@example.com"",";passwordTest123!@;P0031;;"  {""address"": ""2828 Maple St, Almería, Andalucía, España""},";4074389;client;;1051
U0032;"""Chloe Allen"",";"""AstroAdventurer"",";"""lily.mitchell@example.com"",";passwordTest123!@;P0032;;"  {""address"": ""2929 Cedar St, San Sebastián, País Vasco, España""},";4077000;client;;1030
U0033;"""David King"",";"""GalacticGuardian"",";"""kevin.perez@example.com"",";passwordTest123!@;P0033;;"  {""address"": ""3030 Birch St, Burgos, Castilla y León, España""},";4153823;client;;1012
U0034;"""Lily Scott"",";"""MeteorMan"",";"""ella.roberts@example.com"",";passwordTest123!@;P0034;;"  {""address"": ""3131 Walnut St, Salamanca, Castilla y León, España""},";4543039;client;;1048
U0035;"""Carter Wright"",";"""CometCommander"",";"""brian.turner@example.com"",";passwordTest123!@;P0035;;"  {""address"": ""3232 Chestnut St, Albacete, Castilla-La Mancha, España""},";4053375;client;;1008
U0036;"""Hannah Green"",";"""PlanetPioneer"",";"""hannah.phillips@example.com"",";passwordTest123!@;P0036;;"  {""address"": ""3333 Ash St, Santander, Cantabria, España""},";4731472;client;;1092
U0037;"""Owen Adams"",";"""GalaxyGuardian"",";"""george.campbell@example.com"",";passwordTest123!@;P0037;;"  {""address"": ""3434 Willow St, Castellón de la Plana, Comunidad Valenciana, España""},";4052197;client;;1035
U0038;"""Aria Baker"",";"""SpaceSurfer"",";"""samantha.parker@example.com"",";passwordTest123!@;P0038;;"  {""address"": ""3535 Poplar St, Logroño, La Rioja, España""},";4096656;client;;1034
U0039;"""Wyatt Nelson"",";"""OrbitExplorer"",";"""edward.evans@example.com"",";passwordTest123!@;P0039;;"  {""address"": ""3636 Cypress St, Badajoz, Extremadura, España""},";4312144;client;;1010
U0040;"""Ella Hill"",";"""RocketRider"",";"""natalie.edwards@example.com"",";passwordTest123!@;P0040;;"  {""address"": ""3737 Redwood St, Huelva, Andalucía, España""},";4991192;client;;1090
U0041;"""John Carter"",";"""AlienHunter"",";"""patrick.collins@example.com"",";passwordTest123!@;P0041;;"  {""address"": ""3838 Spruce St, Tarragona, Cataluña, España""},";4621787;client;;1015
U0042;"""Avery Rivera"",";"""AstroExplorer"",";"""victoria.stewart@example.com"",";passwordTest123!@;P0042;;"  {""address"": ""3939 Fir St, León, Castilla y León, España""},";4190608;client;;1032
U0043;"""Luke Mitchell"",";"""StarshipNavigator"",";"""ryan.sanchez@example.com"",";passwordTest123!@;P0043;;"  {""address"": ""4040 Pine St, Cádiz, Andalucía, España""},";4167649;client;;1086
U0044;"""Sofia Campbell"",";"""Intergalactic"",";"""lillian.morris@example.com"",";passwordTest123!@;P0044;;"  {""address"": ""4141 Maple St, Lleida, Cataluña, España""},";4051331;client;;1021
U0045;"""Gabriel Roberts"",";"""CosmicCaptain"",";"""jacob.rogers@example.com"",";passwordTest123!@;P0045;;"  {""address"": ""4242 Cedar St, Marbella, Andalucía, España""},";4854357;client;;1055
U0046;"""Zoe Parker"",";"""LunarPilot"",";"""madison.reed@example.com"",";passwordTest123!@;P0046;;"  {""address"": ""4343 Birch St, Jaén, Andalucía, España""},";4050027;client;;1058
U0047;"""Anthony Evans"",";"""SolarNavigator"",";"""nicholas.cook@example.com"",";passwordTest123!@;P0047;;"  {""address"": ""4444 Walnut St, Ourense, Galicia, España""},";4350763;client;;1097
U0048;"""Penelope Edwards"",";"""NebulaExplorer"",";"""aubrey.morgan@example.com"",";passwordTest123!@;P0048;;"  {""address"": ""4545 Chestnut St, Lugo, Galicia, España""},";4182651;client;;1003
U0049;"""Isaac Collins"",";"""AstroGuardian"",";"""anthony.bell@example.com"",";passwordTest123!@;P0049;;"  {""address"": ""4646 Ash St, Santiago de Compostela, Galicia, España""},";4488976;client;;1013
U0050;"""Layla Stewart"",";"""GalacticPilot"",";"""scarlett.murphy@example.com"",";passwordTest123!@;P0050;;"  {""address"": ""4747 Willow St, Cáceres, Extremadura, España""},";4182651;client;;1005
U0051;"""Dylan Sanchez"",";"""MeteorNavigator"",";"""matthew.bailey@example.com"",";passwordTest123!@;P0051;;"  {""address"": ""4848 Poplar St, Melilla, España""},";4642704;client;;1059
U0052;"""Lillian Morris"",";"""CometPilot"",";"""layla.rivera@example.com"",";passwordTest123!@;P0052;;"  {""address"": ""4949 Cypress St, Ceuta, España""},";4543039;client;;1033
U0053;"""Lincoln Rogers"",";"""PlanetNavigator"",";"""justin.cooper@example.com"",";passwordTest123!@;P0053;;"  {""address"": ""5050 Redwood St, Talavera de la Reina, Castilla-La Mancha, España""},";4167649;client;;1100
U0054;"""Nora Reed"",";"""GalaxyPilot"",";"""ellie.richardson@example.com"",";passwordTest123!@;P0054;;"  {""address"": ""5151 Spruce St, Torrejón de Ardoz, Comunidad de Madrid, España""},";4050027;client;;1018
U0055;"""Caleb Cook"",";"""SpacePilot"",";"""benjamin.cox@example.com"",";passwordTest123!@;P0055;;"  {""address"": ""5252 Fir St, Parla, Comunidad de Madrid, España""},";4092875;client;;1080
U0056;"""Zoey Morgan"",";"""OrbitPilot"",";"""nora.howard@example.com"",";passwordTest123!@;P0056;;"  {""address"": ""5353 Pine St, Fuenlabrada, Comunidad de Madrid, España""},";4079791;client;;1008
U0057;"""Nathan Bell"",";"""RocketNavigator"",";"""ethan.ward@example.com"",";passwordTest123!@;P0057;;"  {""address"": ""5454 Maple St, Alcobendas, Comunidad de Madrid, España""},";4754969;client;;1068
U0058;"""Mila Murphy"",";"""AlienPilot"",";"""zoey.flores@example.com"",";passwordTest123!@;P0058;;"  {""address"": ""5555 Cedar St, Getafe, Comunidad de Madrid, España""},";4096656;client;;1018
U0059;"""Ryan Bailey"",";"""AstroPilot"",";"""alexander.barnes@example.com"",";passwordTest123!@;P0059;;"  {""address"": ""5656 Birch St, Alcorcón, Comunidad de Madrid, España""},";4378509;client;;1047
U0060;"""Aubrey Cooper"",";"""StarshipPilot"",";"""penelope.ross@example.com"",";passwordTest123!@;P0060;;"  {""address"": ""5757 Walnut St, Leganés, Comunidad de Madrid, España""},";4337496;client;;1080
U0061;"""Isaiah Richardson"",";"""InterstellarPilot"",";"""jackson.henderson@example.com"",";passwordTest123!@;P0061;;"  {""address"": ""5858 Chestnut St, Pozuelo de Alarcón, Comunidad de Madrid, España""},";4071952;client;;1050
U0062;"""Ellie Cox"",";"""CosmicPilot"",";"""aria.patterson@example.com"",";passwordTest123!@;P0062;;"  {""address"": ""5959 Ash St, Majadahonda, Comunidad de Madrid, España""},";4803571;client;;1011
U0063;"""Hunter Howard"",";"""LunarNavigator"",";"""logan.wood@example.com"",";passwordTest123!@;P0063;;"  {""address"": ""6060 Willow St, Las Rozas, Comunidad de Madrid, España""},";4621787;client;;1042
U0064;"""Stella Ward"",";"""SolarPilot"",";"""hazel.washington@example.com"",";passwordTest123!@;P0064;;"  {""address"": ""6161 Poplar St, San Sebastián de los Reyes, Comunidad de Madrid, España""},";4056859;client;;1055
U0065;"""Christian Brooks"",";"""NebulaPilot"",";"""christopher.brooks@example.com"",";passwordTest123!@;P0065;;"  {""address"": ""6262 Cypress St, Rivas-Vaciamadrid, Comunidad de Madrid, España""},";4235193;client;;1041
U0066;"""Natalie Torres"",";"""AstroNavigator"",";"""lucy.bennett@example.com"",";passwordTest123!@;P0066;;"  {""address"": ""6363 Redwood St, Coslada, Comunidad de Madrid, España""},";4082768;client;;1037
U0067;"""Eli Peterson"",";"""GalacticNavigator"",";"""nathan.gray@example.com"",";passwordTest123!@;P0067;;"  {""address"": ""6464 Spruce St, Alcázar de San Juan, Castilla-La Mancha, España""},";4439017;client;;1024
U0068;"""Addison Gray"",";"""MeteorPilot"",";"""stella.james@example.com"",";passwordTest123!@;P0068;;"  {""address"": ""6565 Fir St, Puertollano, Castilla-La Mancha, España""},";4962673;client;;1100
U0069;"""Jonathan Ramirez"",";"""CometNavigator"",";"""aaron.hughes@example.com"",";passwordTest123!@;P0069;;"  {""address"": ""6666 Pine St, Tomelloso, Castilla-La Mancha, España""},";4053375;client;;1062
U0070;"""Willow James"",";"""PlanetPilot"",";"""violet.foster@example.com"",";passwordTest123!@;P0070;;"  {""address"": ""6767 Maple St, Valdepeñas, Castilla-La Mancha, España""},";4198877;client;;1053
U0071;"""Aaron Watson"",";"""GalaxyNavigator"",";"""adam.bryant@example.com"",";passwordTest123!@;P0071;;"  {""address"": ""6868 Cedar St, Villarrobledo, Castilla-La Mancha, España""},";4581441;client;;1060
U0072;"""Lucy Hughes"",";"""SpaceNavigator"",";"""aurora.simmons@example.com"",";passwordTest123!@;P0072;;"  {""address"": ""6969 Birch St, Almansa, Castilla-La Mancha, España""},";4439017;client;;1011
U0073;"""Charles Flores"",";"""OrbitNavigator"",";"""sean.alexander@example.com"",";passwordTest123!@;P0073;;"  {""address"": ""7070 Walnut St, Hellín, Castilla-La Mancha, España""},";4056859;client;;1084
U0074;"""Paisley Price"",";"""RocketPilot"",";"""luna.russell@example.com"",";passwordTest123!@;P0074;;"  {""address"": ""7171 Chestnut St, Illescas, Castilla-La Mancha, España""},";4828688;client;;1086
U0075;"""Thomas Sanders"",";"""AlienNavigator"",";"""eric.griffin@example.com"",";passwordTest123!@;P0075;;"  {""address"": ""7272 Ash St, Seseña, Castilla-La Mancha, España""},";4071952;client;;1008
U0076;"""Savannah Bennett"",";"""AstroPilot"",";"""savannah.diaz@example.com"",";passwordTest123!@;P0076;;"  {""address"": ""7373 Willow St, Azuqueca de Henares, Castilla-La Mancha, España""},";4050027;client;;1049
U0077;"""Connor Wood"",";"""StarshipNavigator"",";"""kyle.hayes@example.com"",";passwordTest123!@;P0077;;"  {""address"": ""7474 Poplar St, Guadalajara, Castilla-La Mancha, España""},";4337496;client;;1058
U0078;"""Brooklyn Barnes"",";"""InterstellarNavigator"",";"""bella.myers@example.com"",";passwordTest123!@;P0078;;"  {""address"": ""7575 Cypress St, Toledo, Castilla-La Mancha, España""},";4621787;client;;1083
U0079;"""Jeremiah Ross"",";"""CosmicNavigator"",";"""brandon.long@example.com"",";passwordTest123!@;P0079;;"  {""address"": ""7676 Redwood St, Cuenca, Castilla-La Mancha, España""},";4962673;client;;1065
U0080;"""Violet Henderson"",";"""LunarPilot"",";"""paisley.ford@example.com"",";passwordTest123!@;P0080;;"  {""address"": ""7777 Spruce St, Ciudad Real, Castilla-La Mancha, España""},";4050125;client;;1024
U0081;"""Cameron Coleman"",";"""SolarNavigator"",";"""jason.hamilton@example.com"",";passwordTest123!@;P0081;;"  {""address"": ""7878 Fir St, Talavera de la Reina, Castilla-La Mancha, España""},";4288328;client;;1091
U0082;"""Claire Jenkins"",";"""NebulaPilot"",";"""claire.graham@example.com"",";passwordTest123!@;P0082;;"  {""address"": ""7979 Pine St, Albacete, Castilla-La Mancha, España""},";4052744;client;;1088
U0083;"""Josiah Perry"",";"""AstroNavigator"",";"""jeffrey.sullivan@example.com"",";passwordTest123!@;P0083;;"  {""address"": ""8080 Maple St, Puertollano, Castilla-La Mancha, España""},";4071952;client;;1090
U0084;"""Skylar Powell"",";"""GalacticPilot"",";"""skylar.wallace@example.com"",";passwordTest123!@;P0084;;"  {""address"": ""8181 Cedar St, Tomelloso, Castilla-La Mancha, España""},";4082768;client;;1029
U0085;"""Adrian Long"",";"""MeteorNavigator"",";"""gary.west@example.com"",";passwordTest123!@;P0085;;"  {""address"": ""8282 Birch St, Valdepeñas, Castilla-La Mancha, España""},";4300047;client;;1079
U0086;"""Aurora Patterson"",";"""CometPilot"",";"""piper.cole@example.com"",";passwordTest123!@;P0086;;"  {""address"": ""8383 Walnut St, Villarrobledo, Castilla-La Mancha, España""},";4051331;client;;1088
U0087;"""Ezekiel Hughes"",";"""PlanetNavigator"",";"""frank.elliott@example.com"",";passwordTest123!@;P0087;;"  {""address"": ""8484 Chestnut St, Almansa, Castilla-La Mancha, España""},";4664125;client;;1099
U0088;"""Anna Russell"",";"""GalaxyPilot"",";"""eva.reynolds@example.com"",";passwordTest123!@;P0088;;"  {""address"": ""8585 Ash St, Hellín, Castilla-La Mancha, España""},";4071952;client;;1024
U0089;"""Angel Foster"",";"""SpacePilot"",";"""philip.fisher@example.com"",";passwordTest123!@;P0089;;"  {""address"": ""8686 Willow St, Illescas, Castilla-La Mancha, España""},";4828688;client;;1063
U0090;"""Samantha Griffin"",";"""OrbitPilot"",";"""kennedy.ellis@example.com"",";passwordTest123!@;P0090;;"  {""address"": ""8787 Poplar St, Seseña, Castilla-La Mancha, España""},";4407911;client;;1022
U0091;"""Brayden Butler"",";"""RocketNavigator"",";"""bruce.harrison@example.com"",";passwordTest123!@;P0091;;"  {""address"": ""8888 Cypress St, Azuqueca de Henares, Castilla-La Mancha, España""},";4050008;client;;1045
U0092;"""Leah Bryant"",";"""AlienPilot"",";"""sadie.gibson@example.com"",";passwordTest123!@;P0092;;"  {""address"": ""8989 Redwood St, Guadalajara, Castilla-La Mancha, España""},";4092875;client;;1068
U0093;"""Nicholas Simmons"",";"""AstroPilot"",";"""larry.mcdonald@example.com"",";passwordTest123!@;P0093;;"  {""address"": ""9090 Spruce St, Toledo, Castilla-La Mancha, España""},";4053375;client;;1035
U0094;"""Hazel Alexander"",";"""StarshipNavigator"",";"""ruby.cruz@example.com"",";passwordTest123!@;P0094;;"  {""address"": ""9191 Fir St, Cuenca, Castilla-La Mancha, España""},";4235193;client;;1074
U0095;"""Hudson Hayes"",";"""InterstellarPilot"",";"""dennis.marshall@example.com"",";passwordTest123!@;P0095;;"  {""address"": ""9292 Pine St, Ciudad Real, Castilla-La Mancha, España""},";4288328;client;;1058
U0096;"""Riley Myers"",";"""CosmicPilot"",";"""piper.ortiz@example.com"",";passwordTest123!@;P0096;;"  {""address"": ""9393 Maple St, Talavera de la Reina, Castilla-La Mancha, España""},";4601368;client;;1080
U0097;"""Robert Ford"",";"""LunarNavigator"",";"""walter.gomez@example.com"",";passwordTest123!@;P0097;;"  {""address"": ""9494 Cedar St, Albacete, Castilla-La Mancha, España""},";4235193;client;;1080
U0098;"""Luna Hamilton"",";"""SolarPilot"",";"""sophie.murray@example.com"",";passwordTest123!@;P0098;;"  {""address"": ""9595 Birch St, Puertollano, Castilla-La Mancha, España""},";4135184;client;;1074
U0099;"""Easton Graham"",";"""NebulaNavigator"",";"""henry.freeman@example.com"",";passwordTest123!@;P0099;;"  {""address"": ""9696 Walnut St, Tomelloso, Castilla-La Mancha, España""},";4731472;client;;1083
U0100;"""Elliana Fisher"",";"""AstroPilot"",";"""lila.wells@example.com"",";passwordTest123!@;P0100;;"  {""address"": ""9797 Chestnut St, Valdepeñas, Castilla-La Mancha, España""},";4506533;client;;1083
U0101;"""Nolan Sullivan"",";"""GalacticNavigator"",";"""ralph.webb@example.com"",";passwordTest123!@;P0101;;"  {""address"": ""9898 Ash St, Villarrobledo, Castilla-La Mancha, España""},";4245112;client;;1011
U0102;"""Madison Wallace"",";"""MeteorPilot"",";"""elena.simpson@example.com"",";passwordTest123!@;P0102;;"  {""address"": ""9999 Willow St, Almansa, Castilla-La Mancha, España""},";4160592;client;;1077
U0103;"""Colton West"",";"""CometNavigator"",";"""vincent.kelly@example.com"",";passwordTest123!@;P0103;;"  {""address"": ""10000 Poplar St, Hellín, Castilla-La Mancha, España""},";4506533;client;;1027
U0104;"""Eleanor Woods"",";"""PlanetPilot"",";"""julia.ferguson@example.com"",";passwordTest123!@;P0104;;"  {""address"": ""10101 Cypress St, Illescas, Castilla-La Mancha, España""},";4062167;client;;1024
U0105;"""Evan Stone"",";"""GalaxyNavigator"",";"""bradley.hunter@example.com"",";passwordTest123!@;P0105;;"  {""address"": ""10202 Redwood St, Seseña, Castilla-La Mancha, España""}";4141125;client;;1002
U0106;"""Lydia Cole"",";"""SpaceNavigator"",";"""mila.harrison@example.com"",";passwordTest123!@;P0106;;"  {""address"": ""7878 Fir St, Talavera de la Reina, Castilla-La Mancha, España""},";4393000;client;;1058
U0107;"""Dominic Bryant"",";"""OrbitNavigator"",";"""wayne.hart@example.com"",";passwordTest123!@;P0107;;"  {""address"": ""7878 Fir St, Talavera de la Reina, Castilla-La Mancha, España""},";4153823;client;;1013
U0108;"""Ariana Jenkins"",";"""RocketPilot"",";"""london.mason@example.com"",";passwordTest123!@;P0108;;"  {""address"": ""7878 Fir St, Talavera de la Reina, Castilla-La Mancha, España""},";4207464;client;;1077
U0109;"""Austin Bishop"",";"""AlienNavigator"",";"""russell.kennedy@example.com"",";passwordTest123!@;P0109;;"  {""address"": ""7878 Fir St, Talavera de la Reina, Castilla-La Mancha, España""},";4581441;client;;1071
U0110;"""Maya Spencer"",";"""AstroPilot"",";"""willow.burke@example.com"",";passwordTest123!@;;;"  {""address"": ""7878 Fir St, Talavera de la Reina, Castilla-La Mancha, España""},";4129507;client;;1083